cod_familiar_fam; cod_unico_endereco; Dice_coeficiente
4255543330,99740988,0.3103448275862069
4515992767,99740989,0.14035087719298245
3788570377,99740988,0.28125
4738969153,99740988,0.3384615384615385
5274791280,99740988,0.14492753623188406
3803078040,99740989,0.13114754098360656
5591128319,99740989,0.3939393939393939
6003014199,99740988,0.3235294117647059
2367722013,99740988,0.1891891891891892
5064398956,99740988,0.16901408450704225
